You Will Never Believe These Bizarre Truth Of 1253643 ; Lorem ipsum dolor sit amet, consectetuer adipiscing elit. Aenean commodo ligula eget dolor. Aenean massa. ; 2018-12-04 ; 108 ; 104
5 Stereotypes About 1253643 That Aren't Always True ; Cum sociis natoque penatibus et magnis dis parturient montes, nascetur ridiculus mus. ; 2018-12-17 ; 106 ; 108
Never Underestimate The Influence Of 1253643 ; Donec quam felis, ultricies nec, pellentesque eu, pretium quis, sem. Nulla consequat massa quis enim. Donec pede justo, fringilla vel, aliquet nec, vulputate eget, arcu. ; 2018-12-18 ; 101 ; 103
Seven Things To Know About 1253643 ; In enim justo, rhoncus ut, imperdiet a, venenatis vitae, justo. ; 2018-12-19 ; 107 ; 110
Seven Useful Tips From Experts In 1253643 ;  Integer tincidunt. Cras dapibus. Vivamus elementum semper nisi. Aenean vulputate eleifend tellus. Aenean leo ligula, porttitor eu, consequat vitae, eleifend ac, enim. ; 2018-12-24 ; 106 ; 106
15 Great 1253643 Ideas That You Can Share With Your Friends ; Aliquam lorem ante, dapibus in, viverra quis, feugiat a, tellus. Phasellus viverra nulla ut metus varius laoreet. Quisque rutrum. ; 2018-11-30 ; 102 ; 101
7 Secrets About 1253643 That Nobody Will Tell You ;  Aenean imperdiet. Etiam ultricies nisi vel augue. Curabitur ullamcorper ultricies nisi. ; 2018-12-14 ; 107 ; 111
15 Reasons Why You Are A Rookie In 1253643 ; Nam eget dui. Etiam rhoncus. Maecenas tempus, tellus eget condimentum rhoncus, sem quam semper libero, sit amet adipiscing sem neque sed ipsum. ; 2018-12-17 ; 101 ; 107
5 Small But Important Things To Observe In 1253643 ; Nam quam nunc, blandit vel, luctus pulvinar, hendrerit id, lorem. ; 2018-12-21 ; 102 ; 111
15 Things To Avoid In 1253643 ; Maecenas nec odio et ante tincidunt tempus. Donec vitae sapien ut libero venenatis faucibus. Nullam quis ante. ; 2018-12-25 ; 107b ; 101b
5 New Thoughts About 1253643 That Will Turn Your World Upside Down ;  Etiam sit amet orci eget eros faucibus tincidunt. Duis leo. ; 2018-12-06 ; 106 ; 106
Things That Make You Love And Hate 1253643 ;  Sed fringilla mauris sit amet nibh. Donec sodales sagittis magna. ; 2018-12-14 ; 101 ; 110